case_id,content_id,labeling_state,customer_origin,answer,notes
,,,example_prefix/image1.jpg,"[""POLYGON((15.625 20.833333333333336, 15.625 62.5, 46.875 62.5, 46.875 20.833333333333336, 15.625 20.833333333333336))"", ""POLYGON((23.4375 31.25, 23.4375 83.33333333333334, 62.5 83.33333333333334, 62.5 31.25, 23.4375 31.25))""]",
